id,timestamp,model,prediction,probability,applicant_income,coapplicant_income,total_income,loan_amount,loan_to_income,credit_history,education,property_area
1,2026-09-24 00:33:09,Decision Tree,Approved,0.7540983606557377,5000.0,0.0,5000.0,150.0,0.029994001199760048,1.0,Graduate,Semiurban
2,2026-09-24 00:33:12,Decision Tree,Approved,0.7540983606557377,5000.0,0.0,5000.0,150.0,0.029994001199760048,1.0,Graduate,Semiurban
3,2026-09-24 00:33:13,Decision Tree,Approved,0.7540983606557377,5000.0,0.0,5000.0,150.0,0.029994001199760048,1.0,Graduate,Semiurban
4,2026-09-24 00:33:13,Decision Tree,Approved,0.7540983606557377,5000.0,0.0,5000.0,150.0,0.029994001199760048,1.0,Graduate,Semiurban
5,2026-09-26 20:10:27,Decision Tree,Approved,1.0,50000.0,100000.0,150000.0,200.0,0.0013333244445037033,0.0,Graduate,Semiurban
6,2026-09-26 20:10:30,Decision Tree,Approved,1.0,50000.0,100000.0,150000.0,200.0,0.0013333244445037033,0.0,Graduate,Semiurban
7,2026-09-26 20:10:30,Decision Tree,Approved,1.0,50000.0,100000.0,150000.0,200.0,0.0013333244445037033,0.0,Graduate,Semiurban
8,2026-09-26 20:10:30,Decision Tree,Approved,1.0,50000.0,100000.0,150000.0,200.0,0.0013333244445037033,0.0,Graduate,Semiurban
9,2026-09-26 20:10:31,Decision Tree,Approved,1.0,50000.0,100000.0,150000.0,200.0,0.0013333244445037033,0.0,Graduate,Semiurban
10,2026-09-26 20:10:31,Decision Tree,Approved,1.0,50000.0,100000.0,150000.0,200.0,0.0013333244445037033,0.0,Graduate,Semiurban
11,2026-09-26 20:10:31,Decision Tree,Approved,1.0,50000.0,100000.0,150000.0,200.0,0.0013333244445037033,0.0,Graduate,Semiurban
12,2026-09-26 20:10:32,Decision Tree,Approved,1.0,50000.0,100000.0,150000.0,200.0,0.0013333244445037033,0.0,Graduate,Semiurban
13,2026-09-26 20:11:05,Decision Tree,Approved,1.0,50000.0,100000.0,150000.0,200.0,0.0013333244445037033,0.0,Graduate,Semiurban
14,2026-09-26 20:11:22,Decision Tree,Rejected,0.0,1700.0,5000.0,6700.0,200.0,0.029846291598268914,0.0,Graduate,Rural
15,2026-09-26 20:13:18,Logistic Regression,Approved,0.8771335392589054,5000.0,0.0,5000.0,150.0,0.029994001199760048,1.0,Graduate,Semiurban
16,2026-09-26 20:13:33,Decision Tree,Approved,0.7540983606557377,5000.0,0.0,5000.0,150.0,0.029994001199760048,1.0,Graduate,Semiurban
17,2026-09-26 20:24:27,Logistic Regression,Rejected,0.0750823960039736,5000.0,0.0,5000.0,1500.0,0.29994001199760045,1.0,Graduate,Semiurban
18,2026-09-26 20:24:29,Logistic Regression,Rejected,0.0750823960039736,5000.0,0.0,5000.0,1500.0,0.29994001199760045,1.0,Graduate,Semiurban
19,2026-09-26 20:24:30,Logistic Regression,Rejected,0.0750823960039736,5000.0,0.0,5000.0,1500.0,0.29994001199760045,1.0,Graduate,Semiurban
20,2026-09-26 20:24:30,Logistic Regression,Rejected,0.0750823960039736,5000.0,0.0,5000.0,1500.0,0.29994001199760045,1.0,Graduate,Semiurban
21,2026-09-26 20:27:30,Logistic Regression,Approved,0.8771335392589054,5000.0,0.0,5000.0,150.0,0.029994001199760048,1.0,Graduate,Semiurban
22,2026-09-26 20:27:39,Logistic Regression,Approved,0.8770379719829349,5000.0,0.0,5000.0,150.0,0.029994001199760048,1.0,Graduate,Semiurban
23,2026-09-29 21:18:53,Decision Tree,Approved,0.7540983606557377,50000.0,10000.0,60000.0,150.0,0.002499958334027766,1.0,Graduate,Semiurban
24,2026-09-29 21:28:11,Logistic Regression,Approved,0.6879700850540245,50000.0,10000.0,60000.0,150.0,0.002499958334027766,1.0,Graduate,Semiurban
25,2026-09-29 21:28:50,Logistic Regression,Rejected,0.06497682823135074,5000.0,1000.0,6000.0,150.0,0.024995834027662055,0.0,Not Graduate,Semiurban
26,2026-10-06 12:48:56,Logistic Regression,Approved,0.7917987823239744,5000.0,0.0,5000.0,150.0,0.029994001199760048,1.0,Graduate,Semiurban
27,2026-10-06 13:07:20,Decision Tree,Approved,0.7540983606557377,5000.0,0.0,5000.0,150.0,0.029994001199760048,1.0,Graduate,Semiurban
28,2026-10-06 13:10:15,Logistic Regression,Approved,0.8771335392589054,5000.0,0.0,5000.0,150.0,0.029994001199760048,1.0,Graduate,Semiurban
29,2026-10-06 13:10:40,Logistic Regression,Approved,0.8771335392589054,5000.0,0.0,5000.0,150.0,0.029994001199760048,1.0,Graduate,Semiurban
30,2026-10-06 13:10:53,SVM,Approved,0.8235392515261156,5000.0,0.0,5000.0,150.0,0.029994001199760048,1.0,Graduate,Semiurban
31,2026-10-06 13:11:04,XGBoost,Approved,0.9552602171897888,5000.0,0.0,5000.0,150.0,0.029994001199760048,1.0,Graduate,Semiurban
32,2026-10-06 14:04:19,Five-model soft-voting ensemble,Rejected,0.48930437132995097,1.0,50000.0,50001.0,150.0,0.002999880004799808,1.0,Not Graduate,Semiurban
33,2026-10-06 14:04:49,Logistic Regression,Approved,0.8771335392589054,5000.0,0.0,5000.0,150.0,0.029994001199760048,1.0,Graduate,Semiurban
