Feature,SHAP Importance
num__Credit_History,0.14090010020947843
cat__Property_Area_Semiurban,0.027952702610280197
num__LoanAmount,0.02368484221406037
num__ApplicantIncome,0.022973453613016885
num__TotalIncome,0.022088474728926496
num__CoapplicantIncome,0.017925743271845065
cat__Property_Area_Rural,0.014864627543623955
cat__Education_Not Graduate,0.010065790706518866
num__Loan_Amount_Term,0.009035936467086832
num__Dependents,0.008327795595534199
cat__Education_Graduate,0.007135902485387287
cat__Property_Area_Urban,0.0051977916644056505
cat__Self_Employed_Yes,0.0026346458374448935
cat__Self_Employed_No,0.00222048095990931
